{"count":1,"self":34.990038399999996,"total":35.3176735,"children":{"InitializeActuators":{"count":1,"self":0.000992,"total":0.000992,"children":null},"InitializeSensors":{"count":1,"self":0.0015130999999999999,"total":0.0015130999999999999,"children":null},"AgentSendState":{"count":1517,"self":0.0094002,"total":0.0311871,"children":{"CollectObservations":{"count":152,"self":0.0088904999999999991,"total":0.0088904999999999991,"children":null},"WriteActionMask":{"count":152,"self":0.0004963,"total":0.0004963,"children":null},"RequestDecision":{"count":152,"self":0.012400099999999999,"total":0.012400099999999999,"children":null}}},"DecideAction":{"count":1517,"self":0.25625139999999996,"total":0.25625139999999996,"children":null},"AgentAct":{"count":1517,"self":0.036699999999999997,"total":0.036699999999999997,"children":null}},"gauges":{"RobotWalk.CumulativeReward":{"count":1,"max":6.10425,"min":6.10425,"runningAverage":6.10425,"value":6.10425,"weightedAverage":6.10425}},"metadata":{"timer_format_version":"0.1.0","start_time_seconds":"1624718430","unity_version":"2020.3.12f1","command_line_arguments":"E:\\Programs\\Unity\\Unity\\2020.3.12f1\\Editor\\Unity.exe -projectpath E:\/Projects\/Unity\/RobotWalkingML\/RobotWalkingML -useHub -hubIPC -cloudEnvironment production -hubSessionId 87a6a3b0-d4bb-11eb-820e-edd3b34f6970 -accessToken eXtuV0bjYgCESflirPm_O4XjcHZs5H3lF_6khlL_96c001f","communication_protocol_version":"1.5.0","com.unity.ml-agents_version":"2.1.0-exp.1","scene_name":"1. Movement","end_time_seconds":"1624718466"}}