{"count":1,"self":11736.0951296,"total":42653.192599999995,"children":{"InitializeActuators":{"count":25,"self":0.0015166,"total":0.0015166,"children":null},"InitializeSensors":{"count":25,"self":0.0014732,"total":0.0014732,"children":null},"AgentSendState":{"count":9329684,"self":103.9034688,"total":1240.5049692999999,"children":{"CollectObservations":{"count":23324225,"self":702.68339199999991,"total":702.68340489999991,"children":null},"WriteActionMask":{"count":23324225,"self":16.132656,"total":16.1326555,"children":null},"RequestDecision":{"count":23324225,"self":56.0253696,"total":417.7854398,"children":{"AgentInfo.ToProto":{"count":23324225,"self":66.1038464,"total":361.76007119999997,"children":{"GenerateSensorData":{"count":23324225,"self":295.6562176,"total":295.65622609999997,"children":null}}}}}}},"DecideAction":{"count":9329684,"self":28138.3272448,"total":28138.3257189,"children":null},"AgentAct":{"count":9329684,"self":1538.070016,"total":1538.1106808,"children":{"AgentInfo.ToProto":{"count":1286,"self":0.006447,"total":0.0406456,"children":{"GenerateSensorData":{"count":1286,"self":0.034198599999999996,"total":0.034198599999999996,"children":null}}}}},"AgentInfo.ToProto":{"count":3995,"self":0.0336664,"total":0.150898,"children":{"GenerateSensorData":{"count":3995,"self":0.11723159999999999,"total":0.11723159999999999,"children":null}}}},"gauges":{"RobotWalk.CumulativeReward":{"count":5281,"max":6261.06152,"min":0,"runningAverage":505.774963,"value":265.128876,"weightedAverage":1322.36157}},"metadata":{"timer_format_version":"0.1.0","start_time_seconds":"1624744835","unity_version":"2020.3.12f1","command_line_arguments":"E:\\Programs\\Unity\\Unity\\2020.3.12f1\\Editor\\Unity.exe -projectpath E:\/Projects\/Unity\/RobotWalkingML\/RobotWalkingML -useHub -hubIPC -cloudEnvironment production -hubSessionId 87a6a3b0-d4bb-11eb-820e-edd3b34f6970 -accessToken eXtuV0bjYgCESflirPm_O4XjcHZs5H3lF_6khlL_96c001f","communication_protocol_version":"1.5.0","com.unity.ml-agents_version":"2.1.0-exp.1","scene_name":"1. Movement","end_time_seconds":"1624787488"}}